{
  "Student A": {
    "milestones": {
      "Topic Finalized": false,
      "Proposal Submitted": false,
      "Ethics Approval": false,
      "Course Work Completed": false,
      "Comprehensive Viva": false,
      "Data Collection": false,
      "Data Analysis": false,
      "Pre-synopsis Submitted": false,
      "Thesis Submitted": false,
      "Viva Voce Completed": false
    },
    "remarks": "",
    "rpr": {
      "rpr1": {
        "date": "2025-08-01",
        "completed": false
      },
      "rpr2": {
        "date": "2026-01-28",
        "completed": false
      },
      "rpr3": {
        "date": "2026-07-27",
        "completed": false
      },
      "rpr4": {
        "date": "2027-01-23",
        "completed": false
      },
      "rpr5": {
        "date": "2027-07-22",
        "completed": false
      },
      "rpr6": {
        "date": "2028-01-18",
        "completed": false
      }
    },
    "aps": {
      "aps1": {
        "date": "2026-01-01",
        "completed": false
      },
      "aps2": {
        "date": "2027-01-01",
        "completed": false
      },
      "aps3": {
        "date": "2028-01-01",
        "completed": false
      }
    }
  },
  "Student B": {
    "milestones": {
      "Topic Finalized": false,
      "Proposal Submitted": false,
      "Ethics Approval": false,
      "Course Work Completed": false,
      "Comprehensive Viva": false,
      "Data Collection": false,
      "Data Analysis": false,
      "Pre-synopsis Submitted": false,
      "Thesis Submitted": false,
      "Viva Voce Completed": false
    },
    "remarks": "",
    "rpr": {
      "rpr1": {
        "date": "2025-08-01",
        "completed": false
      },
      "rpr2": {
        "date": "2026-01-28",
        "completed": false
      },
      "rpr3": {
        "date": "2026-07-27",
        "completed": false
      },
      "rpr4": {
        "date": "2027-01-23",
        "completed": false
      },
      "rpr5": {
        "date": "2027-07-22",
        "completed": false
      },
      "rpr6": {
        "date": "2028-01-18",
        "completed": false
      }
    },
    "aps": {
      "aps1": {
        "date": "2026-01-01",
        "completed": false
      },
      "aps2": {
        "date": "2027-01-01",
        "completed": false
      },
      "aps3": {
        "date": "2028-01-01",
        "completed": false
      }
    }
  },
  "Student C": {
    "milestones": {
      "Topic Finalized": false,
      "Proposal Submitted": false,
      "Ethics Approval": false,
      "Course Work Completed": false,
      "Comprehensive Viva": false,
      "Data Collection": false,
      "Data Analysis": false,
      "Pre-synopsis Submitted": false,
      "Thesis Submitted": false,
      "Viva Voce Completed": false
    },
    "remarks": "",
    "rpr": {
      "rpr1": {
        "date": "2025-08-01",
        "completed": false
      },
      "rpr2": {
        "date": "2026-01-28",
        "completed": false
      },
      "rpr3": {
        "date": "2026-07-27",
        "completed": false
      },
      "rpr4": {
        "date": "2027-01-23",
        "completed": false
      },
      "rpr5": {
        "date": "2027-07-22",
        "completed": false
      },
      "rpr6": {
        "date": "2028-01-18",
        "completed": false
      }
    },
    "aps": {
      "aps1": {
        "date": "2026-01-01",
        "completed": false
      },
      "aps2": {
        "date": "2027-01-01",
        "completed": false
      },
      "aps3": {
        "date": "2028-01-01",
        "completed": false
      }
    }
  }
}